{
    "responseHeader": {
        "status": 0,
        "QTime": 12,
        "params": {
            "q": "{!knn f=vector topK=25}[-0.005080756731331348,0.03463310748338699,0.035502854734659195,0.0112699493765831,-0.05589504539966583,0.05041529983282089,-0.01894713193178177,0.06516965478658676,-0.047052670270204544,-0.025135338306427002,-0.013520787470042706,0.051881562918424606,-0.007772095035761595,0.0448010228574276,0.11864083260297775,0.05317005515098572,0.08881739526987076,0.07560402154922485,0.01593772880733013,-0.03426900878548622,-0.06581787019968033,-0.004640903323888779,0.10304243862628937,0.05565482750535011,-0.13157297670841217,0.07432502508163452,-0.058390434831380844,-0.10789196938276291,0.08490453660488129,-0.01638949103653431,0.07206164300441742,-0.02651609480381012,0.06510275602340698,-0.03731928765773773,-0.08093070238828659,-0.00087533745681867,-0.04474734514951706,0.027345780283212662,-0.028032425791025162,0.011122006922960281,-0.003881387645378709,-0.03149016201496124,-0.016692383214831352,-0.015098844654858112,-0.021498050540685654,-0.09937635809183121,0.006855588871985674,-0.06486418843269348,-0.045413751155138016,-0.018126726150512695,-0.02597712352871895,-0.03524135798215866,0.07288513332605362,-0.014246685430407524,0.0451398603618145,0.015812722966074944,0.044193703681230545,0.10808297246694565,-0.003495441284030676,0.027004312723875046,0.036953654140233994,-0.009007574990391731,-0.051407039165496826,0.06104534864425659,-0.007089057471603155,0.02355458401143551,-0.0463588610291481,-0.03409905359148979,0.05643438175320625,0.03389134258031845,-0.06926589459180832,-0.03533702716231346,0.08710089325904846,-0.00180538697168231,0.07582476735115051,-0.01215343363583088,-0.0636095479130745,-0.01857246458530426,0.04990289732813835,-0.01935718022286892,-0.011472844518721104,-0.07478534430265427,0.0367407388985157,0.07307016849517822,0.011397084221243858,-0.010795009322464466,0.007565823383629322,-0.05254420265555382,-0.018518997356295586,0.03333435207605362,0.048042960464954376,0.045186858624219894,-0.10144863277673721,0.01196951325982809,-0.0581803061068058,-0.004771905485540628,-0.09342487156391144,-0.08041024208068848,-0.02591065876185894,0.10385064035654068,0.013549244962632656,0.03624023124575615,-0.04600121080875397,0.009165555238723755,-0.016038252040743828,-0.03827464208006859,0.027513714507222176,-0.08322877436876297,-0.008311718702316284,0.03192248195409775,-0.09182962030172348,-0.0425901859998703,-0.032451290637254715,0.0666579157114029,0.009038273245096207,0.030340993776917458,-0.017598481848835945,0.00207589496858418,0.0731053426861763,-0.003992113284766674,0.12495838105678558,-0.11034352332353592,0.12526045739650726,-0.04987381398677826,-0.020191358402371407,0.02282583713531494,-0.0436650849878788,-3.1348909867194185e-33,0.02129884995520115,0.020907683297991753,0.007586184423416853,0.03570468723773956,0.003946770913898945,0.05361765995621681,0.05845148488879204,-0.07628893107175827,0.09649035334587097,-0.07845734804868698,-0.017689073458313942,0.03602975979447365,0.0491098128259182,0.11332519352436066,0.007558481302112341,-0.0882687047123909,-0.14792592823505402,0.0037512588314712048,-0.015888024121522903,-0.017213977873325348,0.038003336638212204,0.0047231107018888,0.012022668495774269,0.07137279957532883,-0.0065425182692706585,-0.02637699618935585,0.054489895701408386,0.0298126433044672,0.00550661887973547,0.057144079357385635,-0.04481407627463341,0.04517300799489021,-0.05575483664870262,-0.028969213366508484,-0.04757838696241379,0.04455817490816116,0.05981515347957611,-0.049291063100099564,-0.023538529872894287,-0.08665452897548676,-0.005077057518064976,0.02253575623035431,0.01142237801104784,0.030301781371235847,0.014885276556015015,0.0715508759021759,-0.004178023897111416,-0.09757725149393082,-0.09370163828134537,-0.009714758954942226,0.03574236482381821,0.035627976059913635,0.03193136304616928,-0.09618282318115234,-0.06851493567228317,-0.012303966097533703,-0.00781938899308443,0.009623273275792599,-0.0149700241163373,-0.022996151819825172,0.10400804877281189,-0.0494714081287384,-0.004902681801468134,-0.04572656378149986,-0.02043565735220909,-0.005045902915298939,0.039873652160167694,-0.09103859215974808,-0.03161267191171646,-0.019453002139925957,-0.04960860311985016,0.07009720802307129,-0.014236977323889732,-0.000778598478063941,0.0065785604529082775,-0.17057952284812927,0.03046455793082714,-0.047383278608322144,-0.09312521666288376,-0.045613355934619904,0.08007382601499557,-0.037025585770606995,-0.07396366447210312,0.04449324682354927,0.06587336957454681,-0.025793233886361122,-0.038855019956827164,0.009420341812074184,-0.01508261263370514,0.025166301056742668,0.06344036757946014,-0.030501611530780792,0.04381062462925911,0.135064497590065,0.009430203586816788,9.015465862246035e-34,-0.00952084269374609,-0.006938304286450148,0.019672786816954613,0.043681394308805466,0.003063042415305972,0.0458625927567482,0.03276829794049263,-0.02389799803495407,0.026057863608002663,-0.022206462919712067,0.016906533390283585,0.012773302383720875,0.042924102395772934,0.022034937515854836,-0.011340177617967129,-0.006316524464637041,-0.02834458090364933,-0.007878249511122704,-0.043703291565179825,-0.04777409881353378,0.07758291810750961,0.11055471003055573,-0.0345788411796093,-0.03414732590317726,-0.010948480106890202,-0.017610719427466393,0.007049170322716236,0.01644996739923954,0.04505341127514839,-0.009926547296345234,0.009584172628819942,-0.004138059914112091,-0.08234851062297821,0.001287212478928268,0.028703918680548668,-0.001222108956426382,0.07126719504594803,0.01870180107653141,-0.09902244806289673,-0.08983518928289413,0.02482055127620697,-0.019436931237578392,-0.050803814083337784,0.02712264470756054,0.1137848049402237,0.021391335874795914,-0.05893193930387497,-0.03872445225715637,-0.06591591238975525,0.04755198583006859,0.0680539682507515,-0.04357461258769035,-0.0191909521818161,-0.024612002074718475,0.017002999782562256,-0.0418931283056736,-0.004128180909901857,-0.09106289595365524,-0.06189342588186264,-0.009585886262357235,-0.09764410555362701,0.028311215341091156,-0.018787499517202377,0.07437711209058762,0.004103646147996187,0.023006200790405273,0.004432119429111481,0.08203695714473724,0.07087928801774979,-0.03522332385182381,-0.02595457434654236,0.011265061795711517,-0.047902192920446396,-0.040107451379299164,0.04964463785290718,-0.00181910814717412,-0.009824361652135849,-0.06713247299194336,-0.041211288422346115,-0.028255702927708626,-0.06445527076721191,-0.009251202456653118,0.06439568847417831,-0.03833270072937012,-0.06269855052232742,0.04613273963332176,-0.011415391229093075,0.05696091055870056,-0.004948656540364027,0.01604442112147808,-0.02707030437886715,0.03767271712422371,-0.009597479365766048,-0.02307850308716297,0.0044378675520420074,-1.7272729024853106e-08,0.01843884214758873,-0.08776162564754486,0.06018390133976936,0.04538703337311745,0.012988735921680927,0.04777040705084801,-0.13239416480064392,0.07112734019756317,-0.08075614273548126,-0.020043671131134033,0.03508797287940979,0.05872092396020889,0.06114928796887398,0.050868771970272064,-0.012587437406182289,-0.05124561861157417,0.020179254934191704,0.11796001344919205,-0.008134725503623486,-0.01134173758327961,-0.03424159809947014,0.020508550107479095,0.043852608650922775,-0.0794135108590126,-0.02586919255554676,-0.02641647681593895,6.728242442477494e-05,0.0018017012625932693,-0.0384954996407032,-0.07382780313491821,0.08330650627613068,0.02760457806289196,0.05605454742908478,0.009789204224944115,-0.025838959962129593,-0.05048113316297531,0.09546596556901932,-0.03263842687010765,0.025650372728705406,0.008825904689729214,0.012093156576156616,0.013823389075696468,0.040043771266937256,0.03362303972244263,-0.07380960881710052,-0.07617123425006866,-0.03494243696331978,-0.017161913216114044,0.028736358508467674,-0.05939088389277458,0.008549450896680355,0.07826267182826996,-0.054532378911972046,0.01371707208454609,-0.0026528926100581884,0.028339754790067673,