{
    "responseHeader": {
        "status": 0,
        "QTime": 12,
        "params": {
            "q": "{!knn f=vector topK=25}[-0.027000876143574715,-0.002215081825852394,0.02170017920434475,0.08650167286396027,-0.03136492148041725,-0.016973666846752167,0.12406576424837112,0.010801499709486961,0.0526931956410408,-0.023914916440844536,0.0659128949046135,0.05505717918276787,-0.011796381324529648,0.08281116187572479,-0.017215341329574585,0.04155059531331062,0.06873845309019089,-0.05480514094233513,0.003307642647996545,-0.07144813239574432,-0.05987944453954697,0.03501104190945625,0.08743169158697128,-0.00592890614643693,-0.03533750772476196,0.04685721546411514,0.024473510682582855,-0.067628875374794,-0.02839723788201809,0.013396237045526505,-0.010876718908548355,0.07684501260519028,0.019880330190062523,-0.030024608597159386,-0.06499483436346054,-0.03712636977434158,0.0189531072974205,0.08227463066577911,-0.016505060717463493,0.05361253768205643,-0.013172985054552555,-0.05380257964134216,-0.004324385896325111,-0.07651356607675552,-0.07950939238071442,-0.015631938353180885,-0.041029706597328186,-0.05913471058011055,0.055039893835783005,0.05836928263306618,0.02395804226398468,-0.07265956699848175,0.12235812097787857,0.07229125499725342,0.025229977443814278,-0.05063631013035774,-0.053189802914857864,0.012086339294910431,0.06632397323846817,0.02131364867091179,-0.027188969776034355,0.05257052555680275,-0.10210387408733368,0.0043814294040203094,-0.009716935455799103,0.053981486707925797,-0.006625059060752392,0.01847512274980545,0.10441478341817856,0.06310968846082687,0.04324520751833916,0.05420039966702461,0.04025823250412941,0.11319758743047714,0.03508291020989418,0.0488189272582531,-0.008135943673551083,-0.12972937524318695,0.06402254849672318,-0.0670936107635498,-0.09991840273141861,-0.028342559933662415,0.05387276038527489,-0.07221166044473648,0.12126991152763367,-0.03983589634299278,0.06767210364341736,-0.049046602100133896,-0.10936257243156433,0.05230000987648964,-0.023557428270578384,0.026185689494013786,0.07918433099985123,0.02987319603562355,0.0012443681480363011,-0.007878254167735577,-0.050632357597351074,-0.06290435791015625,-0.12540775537490845,0.029735663905739784,-0.035730257630348206,0.01613355055451393,0.008804562501609325,0.1231042742729187,-0.05448804423213005,-0.0649101510643959,-0.027123060077428818,-0.08678899705410004,-0.05034586042165756,-0.03062598593533039,-0.08519285172224045,0.03909164294600487,0.04562736675143242,0.01992025412619114,-0.029637254774570465,-0.113015316426754,0.10748559981584549,-0.017545225098729134,-0.04001137986779213,-0.0006652247975580394,0.051771458238363266,-0.00695516774430871,-0.01827380619943142,-0.03876817226409912,-0.013254622928798199,-0.06296003609895706,-0.09259288758039474,-3.451623898786653e-33,-0.022776588797569275,-0.012467265129089355,0.0246504545211792,0.05993719398975372,-0.04554957523941994,0.10383084416389465,0.022240806370973587,-0.013816386461257935,0.08517579734325409,-0.04874812811613083,-0.029395828023552895,-0.00016552353918086737,0.020747195929288864,-0.026428334414958954,0.041948363184928894,0.040383778512477875,0.00372080085799098,-0.0008360086940228939,-0.02645949274301529,0.026860106736421585,-0.01369264256209135,0.03212421014904976,0.0057368152774870396,0.052657030522823334,-0.0022372708190232515,0.016653334721922874,-0.007315538357943296,0.05184105038642883,0.05682648345828056,0.05432797595858574,0.044467560946941376,-0.0069160135462880135,-0.0527895949780941,-0.06894166767597198,-0.06086564064025879,0.07383330166339874,0.12287471443414688,0.0589635968208313,-0.05899910628795624,0.02220338024199009,-0.023532258346676826,-0.060012463480234146,-0.014252455905079842,0.05701358988881111,0.01662522368133068,0.0839971974492073,-0.023317215964198112,-0.04686324670910835,-0.0648730993270874,0.03206087648868561,0.015080788172781467,0.003990253899246454,-0.037280209362506866,-0.04963771253824234,-0.022604942321777344,0.042729202657938004,-0.01473317015916109,-0.01313114259392023,-0.03371379151940346,0.055780790746212006,0.15566109120845795,-0.02999041974544525,-0.011636645533144474,-0.06035060063004494,-0.06334926187992096,-0.04805345460772514,0.05444207787513733,0.01762469671666622,-0.04452960938215256,0.009957218542695045,0.0038704578764736652,0.03876640275120735,-0.029976092278957367,-0.08354125171899796,-0.047609180212020874,-0.10025063902139664,0.061493296176195145,-0.006270422600209713,-0.04364561662077904,-0.007544619031250477,0.01123264990746975,-0.03783900663256645,0.07569025456905365,0.005672944709658623,0.0016614136984571815,-0.05001381039619446,-0.04281510412693024,-0.03342554345726967,-0.07777946442365646,0.021801874041557312,0.05341925472021103,-0.05392690375447273,0.06377587467432022,0.006778372451663017,-0.042988672852516174,9.387843187132342e-34,-0.03535043075680733,-0.019009826704859734,0.010408543981611729,0.011774186976253986,-0.009136113338172436,-0.047781676054000854,-0.016317998990416527,0.08470938354730606,-0.012603193521499634,0.013436110690236092,0.003999929875135422,-0.05760282278060913,0.02190486341714859,-0.03581293672323227,0.00408091489225626,-0.016714250668883324,0.025064455345273018,0.06250978261232376,-0.0020342376083135605,-0.028565384447574615,-0.005256738513708115,-0.018930884078145027,0.002445691032335162,-0.031325921416282654,0.042135559022426605,0.014372465200722218,-0.09135472774505615,-0.0381128191947937,-0.0854836255311966,0.0524345226585865,0.00930873304605484,0.027435781434178352,0.08429057151079178,0.031775087118148804,0.005868406966328621,-0.006154272705316544,-0.06754843145608902,0.039251744747161865,-0.046464819461107254,-0.014010332524776459,0.013568604364991188,-0.055908262729644775,0.034349288791418076,0.058455940335989,-0.04107430949807167,0.05255485326051712,0.02573147416114807,0.016408314928412437,0.0012728027068078518,0.059020739048719406,-0.030855456367135048,0.052234504371881485,-0.023180987685918808,0.03001539409160614,-0.04217059910297394,0.06995728611946106,-0.0584457628428936,-0.003068277146667242,-0.009266754612326622,0.043600354343652725,-0.011786648072302341,-0.03292005881667137,-0.1269458681344986,0.02574249356985092,0.015649527311325073,-0.03485894948244095,-0.09426139295101166,-0.019338926300406456,0.0753043070435524,-0.0010925143724307418,-0.02115950733423233,0.0052615744061768055,-0.06353941559791565,-0.03903114050626755,-0.13892586529254913,-0.06178491562604904,-0.03311542049050331,-0.03743943199515343,-0.011903415434062481,0.022948218509554863,-0.0741327777504921,-0.07103089988231659,0.017654109746217728,-0.016108304262161255,-0.08288507163524628,-0.09393946081399918,0.020850416272878647,-0.014535658061504364,-0.0158110111951828,0.05663757771253586,0.04910523444414139,-0.062346719205379486,-0.06548285484313965,-0.017743293195962906,-0.0011807613773271441,-1.3449755087435733e-08,0.01638995110988617,-0.03170304745435715,0.01798783801496029,-0.007478761021047831,0.12089618295431137,0.003195222932845354,-0.007425370626151562,0.058257222175598145,0.004337694961577654,0.03351065516471863,-0.05061214044690132,0.07252571731805801,0.02824883908033371,-0.044011227786540985,0.06697610765695572,-0.07065676152706146,0.07813944667577744,0.02982531115412712,-0.014768905937671661,0.04096183925867081,0.00865804124623537,0.04741044342517853,0.043247561901807785,0.042000383138656616,-0.08978412300348282,-0.022441813722252846,0.014651120640337467,0.05272749811410904,-0.035689037293195724,-0.023290174081921577,0.10902702808380127,-0.020448874682188034,0.03015703707933426,-0.03891954571008682,-0.009392917156219482,-0.031235137954354286,-0.027528729289770126,-0.009628134779632092,-0.0026512285694479942,0.017343204468488693,0.012104108929634094,-0.049055613577365875,0.07952773571014404,0.07310457527637482,-0.013781033456325531,-0.012007695622742176,-0.009446598589420319,0.03795403242111206,0.11361806839704514,0.016986999660730362,-0.07512161135673523,-0.02224055863916874,-0.02725902572274208,0.022532161325216293,0.04955558478832245,